,work_year,experience_level,employment_type,job_title,salary,salary_currency,salary_in_usd,employee_residence,remote_ratio,company_location,company_size,salary_median,salary_in_usd_median
0,2020,Mid-level,Full-Time,Data Scientist,70000,EUR,79833,DE,Remote Work,DE,Large (more than 250 employees),35000,39916
1,2020,Senior-level,Full-Time,Machine Learning Scientist,260000,USD,260000,JP,Remote Work,JP,Small (less than 50 employees),130000,130000
2,2020,Senior-level,Full-Time,Big Data Engineer,85000,GBP,109024,GB,Partially Remote,GB,Medium (between 50 and 250 employess),42500,54512
3,2020,Mid-level,Full-Time,Product Data Analyst,20000,USD,20000,HN,Remote Work,HN,Small (less than 50 employees),10000,10000
4,2020,Senior-level,Full-Time,Machine Learning Engineer,150000,USD,150000,US,Partially Remote,US,Large (more than 250 employees),75000,75000
5,2020,Entry-level,Full-Time,Data Analyst,72000,USD,72000,US,Fully Remote,US,Large (more than 250 employees),36000,36000
6,2020,Senior-level,Full-Time,Lead Data Scientist,190000,USD,190000,US,Fully Remote,US,Small (less than 50 employees),95000,95000
7,2020,Mid-level,Full-Time,Data Scientist,11000000,HUF,35735,HU,Partially Remote,HU,Large (more than 250 employees),5500000,17867
8,2020,Mid-level,Full-Time,Business Data Analyst,135000,USD,135000,US,Fully Remote,US,Large (more than 250 employees),67500,67500
9,2020,Senior-level,Full-Time,Lead Data Engineer,125000,USD,125000,NZ,Partially Remote,NZ,Small (less than 50 employees),62500,62500
10,2020,Entry-level,Full-Time,Data Scientist,45000,EUR,51321,FR,Remote Work,FR,Small (less than 50 employees),22500,25660
11,2020,Mid-level,Full-Time,Data Scientist,3000000,INR,40481,IN,Remote Work,IN,Large (more than 250 employees),1500000,20240
12,2020,Entry-level,Full-Time,Data Scientist,35000,EUR,39916,FR,Remote Work,FR,Medium (between 50 and 250 employess),17500,19958
13,2020,Mid-level,Full-Time,Lead Data Analyst,87000,USD,87000,US,Fully Remote,US,Large (more than 250 employees),43500,43500
14,2020,Mid-level,Full-Time,Data Analyst,85000,USD,85000,US,Fully Remote,US,Large (more than 250 employees),42500,42500
15,2020,Mid-level,Full-Time,Data Analyst,8000,USD,8000,PK,Partially Remote,PK,Large (more than 250 employees),4000,4000
16,2020,Entry-level,Full-Time,Data Engineer,4450000,JPY,41689,JP,Fully Remote,JP,Small (less than 50 employees),2225000,20844
17,2020,Senior-level,Full-Time,Big Data Engineer,100000,EUR,114047,PL,Fully Remote,GB,Small (less than 50 employees),50000,57023
18,2020,Entry-level,Full-Time,Data Science Consultant,423000,INR,5707,IN,Partially Remote,IN,Medium (between 50 and 250 employess),211500,2853
19,2020,Mid-level,Full-Time,Lead Data Engineer,56000,USD,56000,PT,Fully Remote,US,Medium (between 50 and 250 employess),28000,28000
20,2020,Mid-level,Full-Time,Machine Learning Engineer,299000,CNY,43331,CN,Remote Work,CN,Medium (between 50 and 250 employess),149500,21665
21,2020,Mid-level,Full-Time,Product Data Analyst,450000,INR,6072,IN,Fully Remote,IN,Large (more than 250 employees),225000,3036
22,2020,Senior-level,Full-Time,Data Engineer,42000,EUR,47899,GR,Partially Remote,GR,Large (more than 250 employees),21000,23949
23,2020,Mid-level,Full-Time,BI Data Analyst,98000,USD,98000,US,Remote Work,US,Medium (between 50 and 250 employess),49000,49000
24,2020,Mid-level,Full-Time,Lead Data Scientist,115000,USD,115000,AE,Remote Work,AE,Large (more than 250 employees),57500,57500
25,2020,Executive-level,Full-Time,Director of Data Science,325000,USD,325000,US,Fully Remote,US,Large (more than 250 employees),162500,162500
26,2020,Entry-level,Full-Time,Research Scientist,42000,USD,42000,NL,Partially Remote,NL,Large (more than 250 employees),21000,21000
27,2020,Senior-level,Full-Time,Data Engineer,720000,MXN,33511,MX,Remote Work,MX,Small (less than 50 employees),360000,16755
28,2020,Entry-level,Contract,Business Data Analyst,100000,USD,100000,US,Fully Remote,US,Large (more than 250 employees),50000,50000
29,2020,Senior-level,Full-Time,Machine Learning Manager,157000,CAD,117104,CA,Partially Remote,CA,Large (more than 250 employees),78500,58552
30,2020,Mid-level,Full-Time,Data Engineering Manager,51999,EUR,59303,DE,Fully Remote,DE,Small (less than 50 employees),25999,29651
31,2020,Entry-level,Full-Time,Big Data Engineer,70000,USD,70000,US,Fully Remote,US,Large (more than 250 employees),35000,35000
32,2020,Senior-level,Full-Time,Data Scientist,60000,EUR,68428,GR,Fully Remote,US,Large (more than 250 employees),30000,34214
33,2020,Mid-level,Full-Time,Research Scientist,450000,USD,450000,US,Remote Work,US,Medium (between 50 and 250 employess),225000,225000
34,2020,Mid-level,Full-Time,Data Analyst,41000,EUR,46759,FR,Partially Remote,FR,Large (more than 250 employees),20500,23379
35,2020,Mid-level,Full-Time,Data Engineer,65000,EUR,74130,AT,Partially Remote,AT,Large (more than 250 employees),32500,37065
36,2020,Mid-level,Full-Time,Data Science Consultant,103000,USD,103000,US,Fully Remote,US,Large (more than 250 employees),51500,51500
37,2020,Entry-level,Full-Time,Machine Learning Engineer,250000,USD,250000,US,Partially Remote,US,Large (more than 250 employees),125000,125000
38,2020,Entry-level,Full-Time,Data Analyst,10000,USD,10000,NG,Fully Remote,NG,Small (less than 50 employees),5000,5000
39,2020,Entry-level,Full-Time,Machine Learning Engineer,138000,USD,138000,US,Fully Remote,US,Small (less than 50 employees),69000,69000
40,2020,Mid-level,Full-Time,Data Scientist,45760,USD,45760,PH,Fully Remote,US,Small (less than 50 employees),22880,22880
41,2020,Executive-level,Full-Time,Data Engineering Manager,70000,EUR,79833,ES,Partially Remote,ES,Large (more than 250 employees),35000,39916
42,2020,Mid-level,Full-Time,Machine Learning Infrastructure Engineer,44000,EUR,50180,PT,Remote Work,PT,Medium (between 50 and 250 employess),22000,25090
43,2020,Mid-level,Full-Time,Data Engineer,106000,USD,106000,US,Fully Remote,US,Large (more than 250 employees),53000,53000
44,2020,Mid-level,Full-Time,Data Engineer,88000,GBP,112872,GB,Partially Remote,GB,Large (more than 250 employees),44000,56436
45,2020,Entry-level,Part-Time,ML Engineer,14000,EUR,15966,DE,Fully Remote,DE,Small (less than 50 employees),7000,7983
46,2020,Mid-level,Full-Time,Data Scientist,60000,GBP,76958,GB,Fully Remote,GB,Small (less than 50 employees),30000,38479
47,2020,Senior-level,Full-Time,Data Engineer,188000,USD,188000,US,Fully Remote,US,Large (more than 250 employees),94000,94000
48,2020,Mid-level,Full-Time,Data Scientist,105000,USD,105000,US,Fully Remote,US,Large (more than 250 employees),52500,52500
49,2020,Mid-level,Full-Time,Data Engineer,61500,EUR,70139,FR,Partially Remote,FR,Large (more than 250 employees),30750,35069
50,2020,Entry-level,Full-Time,Data Analyst,450000,INR,6072,IN,Remote Work,IN,Small (less than 50 employees),225000,3036
51,2020,Entry-level,Full-Time,Data Analyst,91000,USD,91000,US,Fully Remote,US,Large (more than 250 employees),45500,45500
52,2020,Entry-level,Full-Time,AI Scientist,300000,DKK,45896,DK,Partially Remote,DK,Small (less than 50 employees),150000,22948
53,2020,Entry-level,Full-Time,Data Engineer,48000,EUR,54742,PK,Fully Remote,DE,Large (more than 250 employees),24000,27371
54,2020,Senior-level,Freelancer,Computer Vision Engineer,60000,USD,60000,RU,Fully Remote,US,Small (less than 50 employees),30000,30000
55,2020,Senior-level,Full-Time,Principal Data Scientist,130000,EUR,148261,DE,Fully Remote,DE,Medium (between 50 and 250 employess),65000,74130
56,2020,Mid-level,Full-Time,Data Scientist,34000,EUR,38776,ES,Fully Remote,ES,Medium (between 50 and 250 employess),17000,19388
57,2020,Mid-level,Full-Time,Data Scientist,118000,USD,118000,US,Fully Remote,US,Medium (between 50 and 250 employess),59000,59000
58,2020,Senior-level,Full-Time,Data Scientist,120000,USD,120000,US,Partially Remote,US,Large (more than 250 employees),60000,60000
59,2020,Mid-level,Full-Time,Data Scientist,138350,USD,138350,US,Fully Remote,US,Medium (between 50 and 250 employess),69175,69175
60,2020,Mid-level,Full-Time,Data Engineer,110000,USD,110000,US,Fully Remote,US,Large (more than 250 employees),55000,55000
61,2020,Mid-level,Full-Time,Data Engineer,130800,USD,130800,ES,Fully Remote,US,Medium (between 50 and 250 employess),65400,65400
62,2020,Entry-level,Part-Time,Data Scientist,19000,EUR,21669,IT,Partially Remote,IT,Small (less than 50 employees),9500,10834
63,2020,Senior-level,Full-Time,Data Scientist,412000,USD,412000,US,Fully Remote,US,Large (more than 250 employees),206000,206000
64,2020,Senior-level,Full-Time,Machine Learning Engineer,40000,EUR,45618,HR,Fully Remote,HR,Small (less than 50 employees),20000,22809
65,2020,Entry-level,Full-Time,Data Scientist,55000,EUR,62726,DE,Partially Remote,DE,Small (less than 50 employees),27500,31363
66,2020,Entry-level,Full-Time,Data Scientist,43200,EUR,49268,DE,Remote Work,DE,Small (less than 50 employees),21600,24634
67,2020,Senior-level,Full-Time,Data Science Manager,190200,USD,190200,US,Fully Remote,US,Medium (between 50 and 250 employess),95100,95100
68,2020,Entry-level,Full-Time,Data Scientist,105000,USD,105000,US,Fully Remote,US,Small (less than 50 employees),52500,52500
69,2020,Senior-level,Full-Time,Data Scientist,80000,EUR,91237,AT,Remote Work,AT,Small (less than 50 employees),40000,45618
70,2020,Mid-level,Full-Time,Data Scientist,55000,EUR,62726,FR,Partially Remote,LU,Small (less than 50 employees),27500,31363
71,2020,Mid-level,Full-Time,Data Scientist,37000,EUR,42197,FR,Partially Remote,FR,Small (less than 50 employees),18500,21098
72,2021,Entry-level,Full-Time,Research Scientist,60000,GBP,82528,GB,Partially Remote,GB,Large (more than 250 employees),30000,41264
73,2021,Executive-level,Full-Time,BI Data Analyst,150000,USD,150000,IN,Fully Remote,US,Large (more than 250 employees),75000,75000
74,2021,Executive-level,Full-Time,Head of Data,235000,USD,235000,US,Fully Remote,US,Large (more than 250 employees),117500,117500
75,2021,Senior-level,Full-Time,Data Scientist,45000,EUR,53192,FR,Partially Remote,FR,Large (more than 250 employees),22500,26596
76,2021,Mid-level,Full-Time,BI Data Analyst,100000,USD,100000,US,Fully Remote,US,Medium (between 50 and 250 employess),50000,50000
77,2021,Mid-level,Part-Time,3D Computer Vision Researcher,400000,INR,5409,IN,Partially Remote,IN,Medium (between 50 and 250 employess),200000,2704
78,2021,Mid-level,Contract,ML Engineer,270000,USD,270000,US,Fully Remote,US,Large (more than 250 employees),135000,135000
79,2021,Entry-level,Full-Time,Data Analyst,80000,USD,80000,US,Fully Remote,US,Medium (between 50 and 250 employess),40000,40000
80,2021,Senior-level,Full-Time,Data Analytics Engineer,67000,EUR,79197,DE,Fully Remote,DE,Large (more than 250 employees),33500,39598
81,2021,Mid-level,Full-Time,Data Engineer,140000,USD,140000,US,Fully Remote,US,Large (more than 250 employees),70000,70000
82,2021,Mid-level,Full-Time,Applied Data Scientist,68000,CAD,54238,GB,Partially Remote,CA,Large (more than 250 employees),34000,27119
83,2021,Mid-level,Full-Time,Machine Learning Engineer,40000,EUR,47282,ES,Fully Remote,ES,Small (less than 50 employees),20000,23641
84,2021,Executive-level,Full-Time,Director of Data Science,130000,EUR,153667,IT,Fully Remote,PL,Large (more than 250 employees),65000,76833
85,2021,Mid-level,Full-Time,Data Engineer,110000,PLN,28476,PL,Fully Remote,PL,Large (more than 250 employees),55000,14238
86,2021,Entry-level,Full-Time,Data Analyst,50000,EUR,59102,FR,Partially Remote,FR,Medium (between 50 and 250 employess),25000,29551
87,2021,Mid-level,Full-Time,Data Analytics Engineer,110000,USD,110000,US,Fully Remote,US,Large (more than 250 employees),55000,55000
88,2021,Senior-level,Full-Time,Lead Data Analyst,170000,USD,170000,US,Fully Remote,US,Large (more than 250 employees),85000,85000
89,2021,Senior-level,Full-Time,Data Analyst,80000,USD,80000,BG,Fully Remote,US,Small (less than 50 employees),40000,40000
90,2021,Senior-level,Full-Time,Marketing Data Analyst,75000,EUR,88654,GR,Fully Remote,DK,Large (more than 250 employees),37500,44327
91,2021,Entry-level,Full-Time,Data Science Consultant,65000,EUR,76833,DE,Fully Remote,DE,Small (less than 50 employees),32500,38416
92,2021,Mid-level,Full-Time,Lead Data Analyst,1450000,INR,19609,IN,Fully Remote,IN,Large (more than 250 employees),725000,9804
93,2021,Senior-level,Full-Time,Lead Data Engineer,276000,USD,276000,US,Remote Work,US,Large (more than 250 employees),138000,138000
94,2021,Entry-level,Full-Time,Data Scientist,2200000,INR,29751,IN,Partially Remote,IN,Large (more than 250 employees),1100000,14875
95,2021,Mid-level,Full-Time,Cloud Data Engineer,120000,SGD,89294,SG,Partially Remote,SG,Large (more than 250 employees),60000,44647
96,2021,Entry-level,Part-Time,AI Scientist,12000,USD,12000,BR,Fully Remote,US,Small (less than 50 employees),6000,6000
97,2021,Mid-level,Full-Time,Financial Data Analyst,450000,USD,450000,US,Fully Remote,US,Large (more than 250 employees),225000,225000
98,2021,Entry-level,Full-Time,Computer Vision Software Engineer,70000,USD,70000,US,Fully Remote,US,Medium (between 50 and 250 employess),35000,35000
99,2021,Mid-level,Full-Time,Computer Vision Software Engineer,81000,EUR,95746,DE,Fully Remote,US,Small (less than 50 employees),40500,47873
100,2021,Mid-level,Full-Time,Data Analyst,75000,USD,75000,US,Remote Work,US,Large (more than 250 employees),37500,37500
101,2021,Senior-level,Full-Time,Data Engineer,150000,USD,150000,US,Fully Remote,US,Large (more than 250 employees),75000,75000
102,2021,Mid-level,Full-Time,BI Data Analyst,11000000,HUF,36259,HU,Partially Remote,US,Large (more than 250 employees),5500000,18129
103,2021,Mid-level,Full-Time,Data Analyst,62000,USD,62000,US,Remote Work,US,Large (more than 250 employees),31000,31000
104,2021,Mid-level,Full-Time,Data Scientist,73000,USD,73000,US,Remote Work,US,Large (more than 250 employees),36500,36500
105,2021,Mid-level,Full-Time,Data Analyst,37456,GBP,51519,GB,Partially Remote,GB,Large (more than 250 employees),18728,25759
106,2021,Mid-level,Full-Time,Research Scientist,235000,CAD,187442,CA,Fully Remote,CA,Large (more than 250 employees),117500,93721
107,2021,Senior-level,Full-Time,Data Engineer,115000,USD,115000,US,Fully Remote,US,Small (less than 50 employees),57500,57500
108,2021,Senior-level,Full-Time,Data Engineer,150000,USD,150000,US,Fully Remote,US,Medium (between 50 and 250 employess),75000,75000
109,2021,Entry-level,Full-Time,Data Engineer,2250000,INR,30428,IN,Fully Remote,IN,Large (more than 250 employees),1125000,15214
110,2021,Senior-level,Full-Time,Machine Learning Engineer,80000,EUR,94564,DE,Partially Remote,DE,Large (more than 250 employees),40000,47282
111,2021,Senior-level,Full-Time,Director of Data Engineering,82500,GBP,113476,GB,Fully Remote,GB,Medium (between 50 and 250 employess),41250,56738
112,2021,Senior-level,Full-Time,Lead Data Engineer,75000,GBP,103160,GB,Fully Remote,GB,Small (less than 50 employees),37500,51580
113,2021,Entry-level,Part-Time,AI Scientist,12000,USD,12000,PK,Fully Remote,US,Medium (between 50 and 250 employess),6000,6000
114,2021,Mid-level,Full-Time,Data Engineer,38400,EUR,45391,NL,Fully Remote,NL,Large (more than 250 employees),19200,22695
115,2021,Entry-level,Full-Time,Machine Learning Scientist,225000,USD,225000,US,Fully Remote,US,Large (more than 250 employees),112500,112500
116,2021,Mid-level,Full-Time,Data Scientist,50000,USD,50000,NG,Fully Remote,NG,Large (more than 250 employees),25000,25000
117,2021,Mid-level,Full-Time,Data Science Engineer,34000,EUR,40189,GR,Fully Remote,GR,Medium (between 50 and 250 employess),17000,20094
118,2021,Entry-level,Full-Time,Data Analyst,90000,USD,90000,US,Fully Remote,US,Small (less than 50 employees),45000,45000
119,2021,Mid-level,Full-Time,Data Engineer,200000,USD,200000,US,Fully Remote,US,Large (more than 250 employees),100000,100000
120,2021,Mid-level,Full-Time,Big Data Engineer,60000,USD,60000,ES,Partially Remote,RO,Medium (between 50 and 250 employess),30000,30000
121,2021,Senior-level,Full-Time,Principal Data Engineer,200000,USD,200000,US,Fully Remote,US,Medium (between 50 and 250 employess),100000,100000
122,2021,Entry-level,Full-Time,Data Analyst,50000,USD,50000,US,Fully Remote,US,Medium (between 50 and 250 employess),25000,25000
123,2021,Entry-level,Full-Time,Applied Data Scientist,80000,GBP,110037,GB,Remote Work,GB,Large (more than 250 employees),40000,55018
124,2021,Entry-level,Part-Time,Data Analyst,8760,EUR,10354,ES,Partially Remote,ES,Medium (between 50 and 250 employess),4380,5177
125,2021,Mid-level,Full-Time,Principal Data Scientist,151000,USD,151000,US,Fully Remote,US,Large (more than 250 employees),75500,75500
126,2021,Senior-level,Full-Time,Machine Learning Scientist,120000,USD,120000,US,Partially Remote,US,Small (less than 50 employees),60000,60000
127,2021,Mid-level,Full-Time,Data Scientist,700000,INR,9466,IN,Remote Work,IN,Small (less than 50 employees),350000,4733
128,2021,Entry-level,Full-Time,Machine Learning Engineer,20000,USD,20000,IN,Fully Remote,IN,Small (less than 50 employees),10000,10000
129,2021,Senior-level,Full-Time,Lead Data Scientist,3000000,INR,40570,IN,Partially Remote,IN,Large (more than 250 employees),1500000,20285
130,2021,Entry-level,Full-Time,Machine Learning Developer,100000,USD,100000,IQ,Partially Remote,IQ,Small (less than 50 employees),50000,50000
131,2021,Entry-level,Full-Time,Data Scientist,42000,EUR,49646,FR,Partially Remote,FR,Medium (between 50 and 250 employess),21000,24823
132,2021,Mid-level,Full-Time,Applied Machine Learning Scientist,38400,USD,38400,VN,Fully Remote,US,Medium (between 50 and 250 employess),19200,19200
133,2021,Senior-level,Full-Time,Computer Vision Engineer,24000,USD,24000,BR,Fully Remote,BR,Medium (between 50 and 250 employess),12000,12000
134,2021,Entry-level,Full-Time,Data Scientist,100000,USD,100000,US,Remote Work,US,Small (less than 50 employees),50000,50000
135,2021,Mid-level,Full-Time,Data Analyst,90000,USD,90000,US,Fully Remote,US,Medium (between 50 and 250 employess),45000,45000
136,2021,Mid-level,Full-Time,ML Engineer,7000000,JPY,63711,JP,Partially Remote,JP,Small (less than 50 employees),3500000,31855
137,2021,Mid-level,Full-Time,ML Engineer,8500000,JPY,77364,JP,Partially Remote,JP,Small (less than 50 employees),4250000,38682
138,2021,Senior-level,Full-Time,Principal Data Scientist,220000,USD,220000,US,Remote Work,US,Large (more than 250 employees),110000,110000
139,2021,Entry-level,Full-Time,Data Scientist,80000,USD,80000,US,Fully Remote,US,Medium (between 50 and 250 employess),40000,40000
140,2021,Mid-level,Full-Time,Data Analyst,135000,USD,135000,US,Fully Remote,US,Large (more than 250 employees),67500,67500
141,2021,Senior-level,Full-Time,Data Science Manager,240000,USD,240000,US,Remote Work,US,Large (more than 250 employees),120000,120000
142,2021,Senior-level,Full-Time,Data Engineering Manager,150000,USD,150000,US,Remote Work,US,Large (more than 250 employees),75000,75000
143,2021,Mid-level,Full-Time,Data Scientist,82500,USD,82500,US,Fully Remote,US,Small (less than 50 employees),41250,41250
144,2021,Mid-level,Full-Time,Data Engineer,100000,USD,100000,US,Fully Remote,US,Large (more than 250 employees),50000,50000
145,2021,Senior-level,Full-Time,Machine Learning Engineer,70000,EUR,82744,BE,Partially Remote,BE,Medium (between 50 and 250 employess),35000,41372
146,2021,Mid-level,Full-Time,Research Scientist,53000,EUR,62649,FR,Partially Remote,FR,Medium (between 50 and 250 employess),26500,31324
147,2021,Mid-level,Full-Time,Data Engineer,90000,USD,90000,US,Fully Remote,US,Large (more than 250 employees),45000,45000
148,2021,Senior-level,Full-Time,Data Engineering Manager,153000,USD,153000,US,Fully Remote,US,Large (more than 250 employees),76500,76500
149,2021,Senior-level,Full-Time,Cloud Data Engineer,160000,USD,160000,BR,Fully Remote,US,Small (less than 50 employees),80000,80000
150,2021,Senior-level,Full-Time,Director of Data Science,168000,USD,168000,JP,Remote Work,JP,Small (less than 50 employees),84000,84000
151,2021,Mid-level,Full-Time,Data Scientist,150000,USD,150000,US,Fully Remote,US,Medium (between 50 and 250 employess),75000,75000
152,2021,Mid-level,Full-Time,Data Scientist,95000,CAD,75774,CA,Fully Remote,CA,Large (more than 250 employees),47500,37887
153,2021,Entry-level,Full-Time,Data Scientist,13400,USD,13400,UA,Fully Remote,UA,Large (more than 250 employees),6700,6700
154,2021,Senior-level,Full-Time,Data Science Manager,144000,USD,144000,US,Fully Remote,US,Large (more than 250 employees),72000,72000
155,2021,Senior-level,Full-Time,Data Science Engineer,159500,CAD,127221,CA,Partially Remote,CA,Large (more than 250 employees),79750,63610
156,2021,Mid-level,Full-Time,Data Scientist,160000,SGD,119059,SG,Fully Remote,IL,Medium (between 50 and 250 employess),80000,59529
157,2021,Mid-level,Full-Time,Applied Machine Learning Scientist,423000,USD,423000,US,Partially Remote,US,Large (more than 250 employees),211500,211500
158,2021,Senior-level,Full-Time,Data Analytics Manager,120000,USD,120000,US,Fully Remote,US,Medium (between 50 and 250 employess),60000,60000
159,2021,Entry-level,Full-Time,Machine Learning Engineer,125000,USD,125000,US,Fully Remote,US,Small (less than 50 employees),62500,62500
160,2021,Executive-level,Full-Time,Head of Data,230000,USD,230000,RU,Partially Remote,RU,Large (more than 250 employees),115000,115000
161,2021,Executive-level,Full-Time,Head of Data Science,85000,USD,85000,RU,Remote Work,RU,Medium (between 50 and 250 employess),42500,42500
162,2021,Mid-level,Full-Time,Data Engineer,24000,EUR,28369,MT,Partially Remote,MT,Large (more than 250 employees),12000,14184
163,2021,Entry-level,Full-Time,Data Science Consultant,54000,EUR,63831,DE,Partially Remote,DE,Large (more than 250 employees),27000,31915
164,2021,Executive-level,Full-Time,Director of Data Science,110000,EUR,130026,DE,Partially Remote,DE,Medium (between 50 and 250 employess),55000,65013
165,2021,Senior-level,Full-Time,Data Specialist,165000,USD,165000,US,Fully Remote,US,Large (more than 250 employees),82500,82500
166,2021,Entry-level,Full-Time,Data Engineer,80000,USD,80000,US,Fully Remote,US,Large (more than 250 employees),40000,40000
167,2021,Executive-level,Full-Time,Director of Data Science,250000,USD,250000,US,Remote Work,US,Large (more than 250 employees),125000,125000
168,2021,Entry-level,Full-Time,BI Data Analyst,55000,USD,55000,US,Partially Remote,US,Small (less than 50 employees),27500,27500
169,2021,Mid-level,Full-Time,Data Architect,150000,USD,150000,US,Fully Remote,US,Large (more than 250 employees),75000,75000
170,2021,Mid-level,Full-Time,Data Architect,170000,USD,170000,US,Fully Remote,US,Large (more than 250 employees),85000,85000
171,2021,Mid-level,Full-Time,Data Engineer,60000,GBP,82528,GB,Fully Remote,GB,Large (more than 250 employees),30000,41264
172,2021,Entry-level,Full-Time,Data Analyst,60000,USD,60000,US,Fully Remote,US,Small (less than 50 employees),30000,30000
173,2021,Senior-level,Full-Time,Principal Data Scientist,235000,USD,235000,US,Fully Remote,US,Large (more than 250 employees),117500,117500
174,2021,Senior-level,Full-Time,Research Scientist,51400,EUR,60757,PT,Partially Remote,PT,Large (more than 250 employees),25700,30378
175,2021,Senior-level,Full-Time,Data Engineering Manager,174000,USD,174000,US,Fully Remote,US,Large (more than 250 employees),87000,87000
176,2021,Mid-level,Full-Time,Data Scientist,58000,MXN,2859,MX,Remote Work,MX,Small (less than 50 employees),29000,1429
177,2021,Mid-level,Full-Time,Data Scientist,30400000,CLP,40038,CL,Fully Remote,CL,Large (more than 250 employees),15200000,20019
178,2021,Entry-level,Full-Time,Machine Learning Engineer,81000,USD,81000,US,Partially Remote,US,Small (less than 50 employees),40500,40500
179,2021,Mid-level,Full-Time,Data Scientist,420000,INR,5679,IN,Fully Remote,US,Small (less than 50 employees),210000,2839
180,2021,Mid-level,Full-Time,Big Data Engineer,1672000,INR,22611,IN,Remote Work,IN,Large (more than 250 employees),836000,11305
181,2021,Mid-level,Full-Time,Data Scientist,76760,EUR,90734,DE,Partially Remote,DE,Large (more than 250 employees),38380,45367
182,2021,Mid-level,Full-Time,Data Engineer,22000,EUR,26005,RO,Remote Work,US,Large (more than 250 employees),11000,13002
183,2021,Senior-level,Full-Time,Finance Data Analyst,45000,GBP,61896,GB,Partially Remote,GB,Large (more than 250 employees),22500,30948
184,2021,Mid-level,Freelancer,Machine Learning Scientist,12000,USD,12000,PK,Partially Remote,PK,Medium (between 50 and 250 employess),6000,6000
185,2021,Mid-level,Full-Time,Data Engineer,4000,USD,4000,IR,Fully Remote,IR,Medium (between 50 and 250 employess),2000,2000
186,2021,Senior-level,Full-Time,Data Analytics Engineer,50000,USD,50000,VN,Fully Remote,GB,Medium (between 50 and 250 employess),25000,25000
187,2021,Executive-level,Full-Time,Data Science Consultant,59000,EUR,69741,FR,Fully Remote,ES,Small (less than 50 employees),29500,34870
188,2021,Senior-level,Full-Time,Data Engineer,65000,EUR,76833,RO,Partially Remote,GB,Small (less than 50 employees),32500,38416
189,2021,Mid-level,Full-Time,Machine Learning Engineer,74000,USD,74000,JP,Partially Remote,JP,Small (less than 50 employees),37000,37000
190,2021,Senior-level,Full-Time,Data Science Manager,152000,USD,152000,US,Fully Remote,FR,Large (more than 250 employees),76000,76000
191,2021,Entry-level,Full-Time,Machine Learning Engineer,21844,USD,21844,CO,Partially Remote,CO,Medium (between 50 and 250 employess),10922,10922
192,2021,Mid-level,Full-Time,Big Data Engineer,18000,USD,18000,MD,Remote Work,MD,Small (less than 50 employees),9000,9000
193,2021,Senior-level,Full-Time,Data Science Manager,174000,USD,174000,US,Fully Remote,US,Large (more than 250 employees),87000,87000
194,2021,Senior-level,Full-Time,Research Scientist,120500,CAD,96113,CA,Partially Remote,CA,Large (more than 250 employees),60250,48056
195,2021,Mid-level,Full-Time,Data Scientist,147000,USD,147000,US,Partially Remote,US,Large (more than 250 employees),73500,73500
196,2021,Entry-level,Full-Time,BI Data Analyst,9272,USD,9272,KE,Fully Remote,KE,Small (less than 50 employees),4636,4636
197,2021,Senior-level,Full-Time,Machine Learning Engineer,1799997,INR,24342,IN,Fully Remote,IN,Large (more than 250 employees),899998,12171
198,2021,Senior-level,Full-Time,Data Science Manager,4000000,INR,54094,IN,Partially Remote,US,Large (more than 250 employees),2000000,27047
199,2021,Entry-level,Full-Time,Data Science Consultant,90000,USD,90000,US,Fully Remote,US,Small (less than 50 employees),45000,45000
200,2021,Mid-level,Full-Time,Data Scientist,52000,EUR,61467,DE,Partially Remote,AT,Medium (between 50 and 250 employess),26000,30733
201,2021,Senior-level,Full-Time,Machine Learning Infrastructure Engineer,195000,USD,195000,US,Fully Remote,US,Medium (between 50 and 250 employess),97500,97500
202,2021,Mid-level,Full-Time,Data Scientist,32000,EUR,37825,ES,Fully Remote,ES,Large (more than 250 employees),16000,18912
203,2021,Senior-level,Full-Time,Research Scientist,50000,USD,50000,FR,Fully Remote,US,Small (less than 50 employees),25000,25000
204,2021,Mid-level,Full-Time,Data Scientist,160000,USD,160000,US,Fully Remote,US,Large (more than 250 employees),80000,80000
205,2021,Mid-level,Full-Time,Data Scientist,69600,BRL,12901,BR,Remote Work,BR,Small (less than 50 employees),34800,6450
206,2021,Senior-level,Full-Time,Machine Learning Engineer,200000,USD,200000,US,Fully Remote,US,Large (more than 250 employees),100000,100000
207,2021,Senior-level,Full-Time,Data Engineer,165000,USD,165000,US,Remote Work,US,Medium (between 50 and 250 employess),82500,82500
208,2021,Mid-level,Freelancer,Data Engineer,20000,USD,20000,IT,Remote Work,US,Large (more than 250 employees),10000,10000
209,2021,Senior-level,Full-Time,Data Analytics Manager,120000,USD,120000,US,Remote Work,US,Large (more than 250 employees),60000,60000
210,2021,Mid-level,Full-Time,Machine Learning Engineer,21000,EUR,24823,SI,Partially Remote,SI,Large (more than 250 employees),10500,12411
211,2021,Mid-level,Full-Time,Research Scientist,48000,EUR,56738,FR,Partially Remote,FR,Small (less than 50 employees),24000,28369
212,2021,Mid-level,Full-Time,Data Engineer,48000,GBP,66022,HK,Partially Remote,GB,Small (less than 50 employees),24000,33011
213,2021,Entry-level,Full-Time,Big Data Engineer,435000,INR,5882,IN,Remote Work,CH,Large (more than 250 employees),217500,2941
214,2021,Entry-level,Full-Time,Machine Learning Engineer,21000,EUR,24823,DE,Partially Remote,DE,Medium (between 50 and 250 employess),10500,12411
215,2021,Senior-level,Full-Time,Principal Data Engineer,185000,USD,185000,US,Fully Remote,US,Large (more than 250 employees),92500,92500
216,2021,Entry-level,Part-Time,Computer Vision Engineer,180000,DKK,28609,DK,Partially Remote,DK,Small (less than 50 employees),90000,14304
217,2021,Mid-level,Full-Time,Data Scientist,76760,EUR,90734,DE,Partially Remote,DE,Large (more than 250 employees),38380,45367
218,2021,Mid-level,Full-Time,Machine Learning Engineer,75000,EUR,88654,BE,Fully Remote,BE,Medium (between 50 and 250 employess),37500,44327
219,2021,Senior-level,Full-Time,Data Analytics Manager,140000,USD,140000,US,Fully Remote,US,Large (more than 250 employees),70000,70000
220,2021,Mid-level,Full-Time,Machine Learning Engineer,180000,PLN,46597,PL,Fully Remote,PL,Large (more than 250 employees),90000,23298
221,2021,Mid-level,Full-Time,Data Scientist,85000,GBP,116914,GB,Partially Remote,GB,Large (more than 250 employees),42500,58457
222,2021,Mid-level,Full-Time,Data Scientist,2500000,INR,33808,IN,Remote Work,IN,Medium (between 50 and 250 employess),1250000,16904
223,2021,Mid-level,Full-Time,Data Scientist,40900,GBP,56256,GB,Partially Remote,GB,Large (more than 250 employees),20450,28128
224,2021,Senior-level,Full-Time,Machine Learning Scientist,225000,USD,225000,US,Fully Remote,CA,Large (more than 250 employees),112500,112500
225,2021,Executive-level,Contract,Principal Data Scientist,416000,USD,416000,US,Fully Remote,US,Small (less than 50 employees),208000,208000
226,2021,Senior-level,Full-Time,Data Scientist,110000,CAD,87738,CA,Fully Remote,CA,Small (less than 50 employees),55000,43869
227,2021,Mid-level,Full-Time,Data Scientist,75000,EUR,88654,DE,Partially Remote,DE,Large (more than 250 employees),37500,44327
228,2021,Senior-level,Full-Time,Data Scientist,135000,USD,135000,US,Remote Work,US,Large (more than 250 employees),67500,67500
229,2021,Senior-level,Full-Time,Data Analyst,90000,CAD,71786,CA,Fully Remote,CA,Medium (between 50 and 250 employess),45000,35893
230,2021,Entry-level,Full-Time,Big Data Engineer,1200000,INR,16228,IN,Fully Remote,IN,Large (more than 250 employees),600000,8114
231,2021,Senior-level,Full-Time,ML Engineer,256000,USD,256000,US,Fully Remote,US,Small (less than 50 employees),128000,128000
232,2021,Senior-level,Full-Time,Director of Data Engineering,200000,USD,200000,US,Fully Remote,US,Large (more than 250 employees),100000,100000
233,2021,Senior-level,Full-Time,Data Analyst,200000,USD,200000,US,Fully Remote,US,Large (more than 250 employees),100000,100000
234,2021,Mid-level,Full-Time,Data Architect,180000,USD,180000,US,Fully Remote,US,Large (more than 250 employees),90000,90000
235,2021,Mid-level,Full-Time,Head of Data Science,110000,USD,110000,US,Remote Work,US,Small (less than 50 employees),55000,55000
236,2021,Mid-level,Full-Time,Research Scientist,80000,CAD,63810,CA,Fully Remote,CA,Medium (between 50 and 250 employess),40000,31905
237,2021,Mid-level,Full-Time,Data Scientist,39600,EUR,46809,ES,Fully Remote,ES,Medium (between 50 and 250 employess),19800,23404
238,2021,Entry-level,Full-Time,Data Scientist,4000,USD,4000,VN,Remote Work,VN,Medium (between 50 and 250 employess),2000,2000
239,2021,Entry-level,Full-Time,Data Engineer,1600000,INR,21637,IN,Partially Remote,IN,Medium (between 50 and 250 employess),800000,10818
240,2021,Senior-level,Full-Time,Data Scientist,130000,CAD,103691,CA,Fully Remote,CA,Large (more than 250 employees),65000,51845
241,2021,Mid-level,Full-Time,Data Analyst,80000,USD,80000,US,Fully Remote,US,Large (more than 250 employees),40000,40000
242,2021,Mid-level,Full-Time,Data Engineer,110000,USD,110000,US,Fully Remote,US,Large (more than 250 employees),55000,55000
243,2021,Senior-level,Full-Time,Data Scientist,165000,USD,165000,US,Fully Remote,US,Large (more than 250 employees),82500,82500
244,2021,Entry-level,Full-Time,AI Scientist,1335000,INR,18053,IN,Fully Remote,AS,Small (less than 50 employees),667500,9026
245,2021,Mid-level,Full-Time,Data Engineer,52500,GBP,72212,GB,Partially Remote,GB,Large (more than 250 employees),26250,36106
246,2021,Entry-level,Full-Time,Data Scientist,31000,EUR,36643,FR,Partially Remote,FR,Large (more than 250 employees),15500,18321
247,2021,Mid-level,Full-Time,Data Engineer,108000,TRY,12103,TR,Remote Work,TR,Medium (between 50 and 250 employess),54000,6051
248,2021,Senior-level,Full-Time,Data Engineer,70000,GBP,96282,GB,Partially Remote,GB,Large (more than 250 employees),35000,48141
249,2021,Senior-level,Full-Time,Principal Data Analyst,170000,USD,170000,US,Fully Remote,US,Medium (between 50 and 250 employess),85000,85000
250,2021,Mid-level,Full-Time,Data Scientist,115000,USD,115000,US,Partially Remote,US,Large (more than 250 employees),57500,57500
251,2021,Entry-level,Full-Time,Data Scientist,90000,USD,90000,US,Fully Remote,US,Small (less than 50 employees),45000,45000
252,2021,Executive-level,Full-Time,Principal Data Engineer,600000,USD,600000,US,Fully Remote,US,Large (more than 250 employees),300000,300000
253,2021,Entry-level,Full-Time,Data Scientist,2100000,INR,28399,IN,Fully Remote,IN,Medium (between 50 and 250 employess),1050000,14199
254,2021,Mid-level,Full-Time,Data Analyst,93000,USD,93000,US,Fully Remote,US,Large (more than 250 employees),46500,46500
255,2021,Senior-level,Full-Time,Big Data Architect,125000,CAD,99703,CA,Partially Remote,CA,Medium (between 50 and 250 employess),62500,49851
256,2021,Mid-level,Full-Time,Data Engineer,200000,USD,200000,US,Fully Remote,US,Large (more than 250 employees),100000,100000
257,2021,Senior-level,Full-Time,Principal Data Scientist,147000,EUR,173762,DE,Fully Remote,DE,Medium (between 50 and 250 employess),73500,86881
258,2021,Senior-level,Full-Time,Machine Learning Engineer,185000,USD,185000,US,Partially Remote,US,Large (more than 250 employees),92500,92500
259,2021,Executive-level,Full-Time,Director of Data Science,120000,EUR,141846,DE,Remote Work,DE,Large (more than 250 employees),60000,70923
260,2021,Mid-level,Full-Time,Data Scientist,130000,USD,130000,US,Partially Remote,US,Large (more than 250 employees),65000,65000
261,2021,Senior-level,Full-Time,Data Analyst,54000,EUR,63831,DE,Partially Remote,DE,Large (more than 250 employees),27000,31915
262,2021,Mid-level,Full-Time,Data Scientist,1250000,INR,16904,IN,Fully Remote,IN,Small (less than 50 employees),625000,8452
263,2021,Senior-level,Full-Time,Machine Learning Engineer,4900000,INR,66265,IN,Remote Work,IN,Large (more than 250 employees),2450000,33132
264,2021,Mid-level,Full-Time,Data Scientist,21600,EUR,25532,RS,Fully Remote,DE,Small (less than 50 employees),10800,12766
265,2021,Senior-level,Full-Time,Lead Data Engineer,160000,USD,160000,PR,Partially Remote,US,Small (less than 50 employees),80000,80000
266,2021,Mid-level,Full-Time,Data Engineer,93150,USD,93150,US,Remote Work,US,Medium (between 50 and 250 employess),46575,46575
267,2021,Mid-level,Full-Time,Data Engineer,111775,USD,111775,US,Remote Work,US,Medium (between 50 and 250 employess),55887,55887
268,2021,Mid-level,Full-Time,Data Engineer,250000,TRY,28016,TR,Fully Remote,TR,Medium (between 50 and 250 employess),125000,14008
269,2021,Entry-level,Full-Time,Data Engineer,55000,EUR,65013,DE,Partially Remote,DE,Medium (between 50 and 250 employess),27500,32506
270,2021,Entry-level,Full-Time,Data Engineer,72500,USD,72500,US,Fully Remote,US,Large (more than 250 employees),36250,36250
271,2021,Senior-level,Full-Time,Computer Vision Engineer,102000,BRL,18907,BR,Remote Work,BR,Medium (between 50 and 250 employess),51000,9453
272,2021,Entry-level,Full-Time,Data Science Consultant,65000,EUR,76833,DE,Remote Work,DE,Large (more than 250 employees),32500,38416
273,2021,Entry-level,Full-Time,Machine Learning Engineer,85000,USD,85000,NL,Fully Remote,DE,Small (less than 50 employees),42500,42500
274,2021,Senior-level,Full-Time,Data Scientist,65720,EUR,77684,FR,Partially Remote,FR,Medium (between 50 and 250 employess),32860,38842
275,2021,Entry-level,Full-Time,Data Scientist,100000,USD,100000,US,Fully Remote,US,Medium (between 50 and 250 employess),50000,50000
276,2021,Entry-level,Full-Time,Data Scientist,58000,USD,58000,US,Partially Remote,US,Large (more than 250 employees),29000,29000
277,2021,Senior-level,Full-Time,AI Scientist,55000,USD,55000,ES,Fully Remote,ES,Large (more than 250 employees),27500,27500
278,2021,Senior-level,Full-Time,Data Scientist,180000,TRY,20171,TR,Partially Remote,TR,Large (more than 250 employees),90000,10085
279,2021,Entry-level,Full-Time,Business Data Analyst,50000,EUR,59102,LU,Fully Remote,LU,Large (more than 250 employees),25000,29551
280,2021,Mid-level,Full-Time,Data Engineer,112000,USD,112000,US,Fully Remote,US,Large (more than 250 employees),56000,56000
281,2021,Entry-level,Full-Time,Research Scientist,100000,USD,100000,JE,Remote Work,CN,Large (more than 250 employees),50000,50000
282,2021,Mid-level,Part-Time,Data Engineer,59000,EUR,69741,NL,Fully Remote,NL,Large (more than 250 employees),29500,34870
283,2021,Senior-level,Contract,Staff Data Scientist,105000,USD,105000,US,Fully Remote,US,Medium (between 50 and 250 employess),52500,52500
284,2021,Mid-level,Full-Time,Research Scientist,69999,USD,69999,CZ,Partially Remote,CZ,Large (more than 250 employees),34999,34999
285,2021,Senior-level,Full-Time,Data Science Manager,7000000,INR,94665,IN,Partially Remote,IN,Large (more than 250 employees),3500000,47332
286,2021,Senior-level,Full-Time,Head of Data,87000,EUR,102839,SI,Fully Remote,SI,Large (more than 250 employees),43500,51419
287,2021,Mid-level,Full-Time,Data Scientist,109000,USD,109000,US,Partially Remote,US,Large (more than 250 employees),54500,54500
288,2021,Mid-level,Full-Time,Machine Learning Engineer,43200,EUR,51064,IT,Partially Remote,IT,Large (more than 250 employees),21600,25532
289,2022,Senior-level,Full-Time,Data Engineer,135000,USD,135000,US,Fully Remote,US,Medium (between 50 and 250 employess),67500,67500
290,2022,Senior-level,Full-Time,Data Analyst,155000,USD,155000,US,Fully Remote,US,Medium (between 50 and 250 employess),77500,77500
291,2022,Senior-level,Full-Time,Data Analyst,120600,USD,120600,US,Fully Remote,US,Medium (between 50 and 250 employess),60300,60300
292,2022,Mid-level,Full-Time,Data Scientist,130000,USD,130000,US,Remote Work,US,Medium (between 50 and 250 employess),65000,65000
293,2022,Mid-level,Full-Time,Data Scientist,90000,USD,90000,US,Remote Work,US,Medium (between 50 and 250 employess),45000,45000
294,2022,Mid-level,Full-Time,Data Engineer,170000,USD,170000,US,Fully Remote,US,Medium (between 50 and 250 employess),85000,85000
295,2022,Mid-level,Full-Time,Data Engineer,150000,USD,150000,US,Fully Remote,US,Medium (between 50 and 250 employess),75000,75000
296,2022,Senior-level,Full-Time,Data Analyst,102100,USD,102100,US,Fully Remote,US,Medium (between 50 and 250 employess),51050,51050
297,2022,Senior-level,Full-Time,Data Analyst,84900,USD,84900,US,Fully Remote,US,Medium (between 50 and 250 employess),42450,42450
298,2022,Senior-level,Full-Time,Data Scientist,136620,USD,136620,US,Fully Remote,US,Medium (between 50 and 250 employess),68310,68310
299,2022,Senior-level,Full-Time,Data Scientist,99360,USD,99360,US,Fully Remote,US,Medium (between 50 and 250 employess),49680,49680
300,2022,Senior-level,Full-Time,Data Scientist,90000,GBP,117789,GB,Remote Work,GB,Medium (between 50 and 250 employess),45000,58894
301,2022,Senior-level,Full-Time,Data Scientist,80000,GBP,104702,GB,Remote Work,GB,Medium (between 50 and 250 employess),40000,52351
302,2022,Senior-level,Full-Time,Data Scientist,146000,USD,146000,US,Fully Remote,US,Medium (between 50 and 250 employess),73000,73000
303,2022,Senior-level,Full-Time,Data Scientist,123000,USD,123000,US,Fully Remote,US,Medium (between 50 and 250 employess),61500,61500
304,2022,Entry-level,Full-Time,Data Engineer,40000,GBP,52351,GB,Fully Remote,GB,Medium (between 50 and 250 employess),20000,26175
305,2022,Senior-level,Full-Time,Data Analyst,99000,USD,99000,US,Remote Work,US,Medium (between 50 and 250 employess),49500,49500
306,2022,Senior-level,Full-Time,Data Analyst,116000,USD,116000,US,Remote Work,US,Medium (between 50 and 250 employess),58000,58000
307,2022,Mid-level,Full-Time,Data Analyst,106260,USD,106260,US,Remote Work,US,Medium (between 50 and 250 employess),53130,53130
308,2022,Mid-level,Full-Time,Data Analyst,126500,USD,126500,US,Remote Work,US,Medium (between 50 and 250 employess),63250,63250
309,2022,Executive-level,Full-Time,Data Engineer,242000,USD,242000,US,Fully Remote,US,Medium (between 50 and 250 employess),121000,121000
310,2022,Executive-level,Full-Time,Data Engineer,200000,USD,200000,US,Fully Remote,US,Medium (between 50 and 250 employess),100000,100000
311,2022,Mid-level,Full-Time,Data Scientist,50000,GBP,65438,GB,Remote Work,GB,Medium (between 50 and 250 employess),25000,32719
312,2022,Mid-level,Full-Time,Data Scientist,30000,GBP,39263,GB,Remote Work,GB,Medium (between 50 and 250 employess),15000,19631
313,2022,Mid-level,Full-Time,Data Engineer,60000,GBP,78526,GB,Remote Work,GB,Medium (between 50 and 250 employess),30000,39263
314,2022,Mid-level,Full-Time,Data Engineer,40000,GBP,52351,GB,Remote Work,GB,Medium (between 50 and 250 employess),20000,26175
315,2022,Senior-level,Full-Time,Data Scientist,165220,USD,165220,US,Fully Remote,US,Medium (between 50 and 250 employess),82610,82610
316,2022,Entry-level,Full-Time,Data Engineer,35000,GBP,45807,GB,Fully Remote,GB,Medium (between 50 and 250 employess),17500,22903
317,2022,Senior-level,Full-Time,Data Scientist,120160,USD,120160,US,Fully Remote,US,Medium (between 50 and 250 employess),60080,60080
318,2022,Senior-level,Full-Time,Data Analyst,90320,USD,90320,US,Fully Remote,US,Medium (between 50 and 250 employess),45160,45160
319,2022,Senior-level,Full-Time,Data Engineer,181940,USD,181940,US,Remote Work,US,Medium (between 50 and 250 employess),90970,90970
320,2022,Senior-level,Full-Time,Data Engineer,132320,USD,132320,US,Remote Work,US,Medium (between 50 and 250 employess),66160,66160
321,2022,Senior-level,Full-Time,Data Engineer,220110,USD,220110,US,Remote Work,US,Medium (between 50 and 250 employess),110055,110055
322,2022,Senior-level,Full-Time,Data Engineer,160080,USD,160080,US,Remote Work,US,Medium (between 50 and 250 employess),80040,80040
323,2022,Senior-level,Full-Time,Data Scientist,180000,USD,180000,US,Remote Work,US,Large (more than 250 employees),90000,90000
324,2022,Senior-level,Full-Time,Data Scientist,120000,USD,120000,US,Remote Work,US,Large (more than 250 employees),60000,60000
325,2022,Senior-level,Full-Time,Data Analyst,124190,USD,124190,US,Fully Remote,US,Medium (between 50 and 250 employess),62095,62095
326,2022,Executive-level,Full-Time,Data Analyst,130000,USD,130000,US,Fully Remote,US,Medium (between 50 and 250 employess),65000,65000
327,2022,Executive-level,Full-Time,Data Analyst,110000,USD,110000,US,Fully Remote,US,Medium (between 50 and 250 employess),55000,55000
328,2022,Senior-level,Full-Time,Data Analyst,170000,USD,170000,US,Fully Remote,US,Medium (between 50 and 250 employess),85000,85000
329,2022,Mid-level,Full-Time,Data Analyst,115500,USD,115500,US,Fully Remote,US,Medium (between 50 and 250 employess),57750,57750
330,2022,Senior-level,Full-Time,Data Analyst,112900,USD,112900,US,Fully Remote,US,Medium (between 50 and 250 employess),56450,56450
331,2022,Senior-level,Full-Time,Data Analyst,90320,USD,90320,US,Fully Remote,US,Medium (between 50 and 250 employess),45160,45160
332,2022,Senior-level,Full-Time,Data Analyst,112900,USD,112900,US,Fully Remote,US,Medium (between 50 and 250 employess),56450,56450
333,2022,Senior-level,Full-Time,Data Analyst,90320,USD,90320,US,Fully Remote,US,Medium (between 50 and 250 employess),45160,45160
334,2022,Senior-level,Full-Time,Data Engineer,165400,USD,165400,US,Fully Remote,US,Medium (between 50 and 250 employess),82700,82700
335,2022,Senior-level,Full-Time,Data Engineer,132320,USD,132320,US,Fully Remote,US,Medium (between 50 and 250 employess),66160,66160
336,2022,Mid-level,Full-Time,Data Analyst,167000,USD,167000,US,Fully Remote,US,Medium (between 50 and 250 employess),83500,83500
337,2022,Senior-level,Full-Time,Data Engineer,243900,USD,243900,US,Fully Remote,US,Medium (between 50 and 250 employess),121950,121950
338,2022,Senior-level,Full-Time,Data Analyst,136600,USD,136600,US,Fully Remote,US,Medium (between 50 and 250 employess),68300,68300
339,2022,Senior-level,Full-Time,Data Analyst,109280,USD,109280,US,Fully Remote,US,Medium (between 50 and 250 employess),54640,54640
340,2022,Senior-level,Full-Time,Data Engineer,128875,USD,128875,US,Fully Remote,US,Medium (between 50 and 250 employess),64437,64437
341,2022,Senior-level,Full-Time,Data Engineer,93700,USD,93700,US,Fully Remote,US,Medium (between 50 and 250 employess),46850,46850
342,2022,Executive-level,Full-Time,Head of Data Science,224000,USD,224000,US,Fully Remote,US,Medium (between 50 and 250 employess),112000,112000
343,2022,Executive-level,Full-Time,Head of Data Science,167875,USD,167875,US,Fully Remote,US,Medium (between 50 and 250 employess),83937,83937
344,2022,Executive-level,Full-Time,Analytics Engineer,175000,USD,175000,US,Fully Remote,US,Medium (between 50 and 250 employess),87500,87500
345,2022,Senior-level,Full-Time,Data Engineer,156600,USD,156600,US,Fully Remote,US,Medium (between 50 and 250 employess),78300,78300
346,2022,Senior-level,Full-Time,Data Engineer,108800,USD,108800,US,Remote Work,US,Medium (between 50 and 250 employess),54400,54400
347,2022,Senior-level,Full-Time,Data Scientist,95550,USD,95550,US,Remote Work,US,Medium (between 50 and 250 employess),47775,47775
348,2022,Senior-level,Full-Time,Data Engineer,113000,USD,113000,US,Remote Work,US,Large (more than 250 employees),56500,56500
349,2022,Senior-level,Full-Time,Data Analyst,135000,USD,135000,US,Fully Remote,US,Medium (between 50 and 250 employess),67500,67500
350,2022,Senior-level,Full-Time,Data Science Manager,161342,USD,161342,US,Fully Remote,US,Medium (between 50 and 250 employess),80671,80671
351,2022,Senior-level,Full-Time,Data Science Manager,137141,USD,137141,US,Fully Remote,US,Medium (between 50 and 250 employess),68570,68570
352,2022,Senior-level,Full-Time,Data Scientist,167000,USD,167000,US,Fully Remote,US,Medium (between 50 and 250 employess),83500,83500
353,2022,Senior-level,Full-Time,Data Scientist,123000,USD,123000,US,Fully Remote,US,Medium (between 50 and 250 employess),61500,61500
354,2022,Senior-level,Full-Time,Data Engineer,60000,GBP,78526,GB,Remote Work,GB,Medium (between 50 and 250 employess),30000,39263
355,2022,Senior-level,Full-Time,Data Engineer,50000,GBP,65438,GB,Remote Work,GB,Medium (between 50 and 250 employess),25000,32719
356,2022,Senior-level,Full-Time,Data Scientist,150000,USD,150000,US,Remote Work,US,Medium (between 50 and 250 employess),75000,75000
357,2022,Senior-level,Full-Time,Data Scientist,211500,USD,211500,US,Fully Remote,US,Medium (between 50 and 250 employess),105750,105750
358,2022,Senior-level,Full-Time,Data Architect,192400,USD,192400,CA,Fully Remote,CA,Medium (between 50 and 250 employess),96200,96200
359,2022,Senior-level,Full-Time,Data Architect,90700,USD,90700,CA,Fully Remote,CA,Medium (between 50 and 250 employess),45350,45350
360,2022,Senior-level,Full-Time,Data Analyst,130000,USD,130000,CA,Fully Remote,CA,Medium (between 50 and 250 employess),65000,65000
361,2022,Senior-level,Full-Time,Data Analyst,61300,USD,61300,CA,Fully Remote,CA,Medium (between 50 and 250 employess),30650,30650
362,2022,Senior-level,Full-Time,Data Analyst,130000,USD,130000,CA,Fully Remote,CA,Medium (between 50 and 250 employess),65000,65000
363,2022,Senior-level,Full-Time,Data Analyst,61300,USD,61300,CA,Fully Remote,CA,Medium (between 50 and 250 employess),30650,30650
364,2022,Senior-level,Full-Time,Data Engineer,160000,USD,160000,US,Remote Work,US,Large (more than 250 employees),80000,80000
365,2022,Senior-level,Full-Time,Data Scientist,138600,USD,138600,US,Fully Remote,US,Medium (between 50 and 250 employess),69300,69300
366,2022,Senior-level,Full-Time,Data Engineer,136000,USD,136000,US,Remote Work,US,Medium (between 50 and 250 employess),68000,68000
367,2022,Mid-level,Full-Time,Data Analyst,58000,USD,58000,US,Remote Work,US,Small (less than 50 employees),29000,29000
368,2022,Executive-level,Full-Time,Analytics Engineer,135000,USD,135000,US,Fully Remote,US,Medium (between 50 and 250 employess),67500,67500
369,2022,Senior-level,Full-Time,Data Scientist,170000,USD,170000,US,Fully Remote,US,Medium (between 50 and 250 employess),85000,85000
370,2022,Senior-level,Full-Time,Data Scientist,123000,USD,123000,US,Fully Remote,US,Medium (between 50 and 250 employess),61500,61500
371,2022,Senior-level,Full-Time,Machine Learning Engineer,189650,USD,189650,US,Remote Work,US,Medium (between 50 and 250 employess),94825,94825
372,2022,Senior-level,Full-Time,Machine Learning Engineer,164996,USD,164996,US,Remote Work,US,Medium (between 50 and 250 employess),82498,82498
373,2022,Mid-level,Full-Time,ETL Developer,50000,EUR,54957,GR,Remote Work,GR,Medium (between 50 and 250 employess),25000,27478
374,2022,Mid-level,Full-Time,ETL Developer,50000,EUR,54957,GR,Remote Work,GR,Medium (between 50 and 250 employess),25000,27478
375,2022,Executive-level,Full-Time,Lead Data Engineer,150000,CAD,118187,CA,Fully Remote,CA,Small (less than 50 employees),75000,59093
376,2022,Senior-level,Full-Time,Data Analyst,132000,USD,132000,US,Remote Work,US,Medium (between 50 and 250 employess),66000,66000
377,2022,Senior-level,Full-Time,Data Engineer,165400,USD,165400,US,Fully Remote,US,Medium (between 50 and 250 employess),82700,82700
378,2022,Senior-level,Full-Time,Data Architect,208775,USD,208775,US,Fully Remote,US,Medium (between 50 and 250 employess),104387,104387
379,2022,Senior-level,Full-Time,Data Architect,147800,USD,147800,US,Fully Remote,US,Medium (between 50 and 250 employess),73900,73900
380,2022,Senior-level,Full-Time,Data Engineer,136994,USD,136994,US,Fully Remote,US,Medium (between 50 and 250 employess),68497,68497
381,2022,Senior-level,Full-Time,Data Engineer,101570,USD,101570,US,Fully Remote,US,Medium (between 50 and 250 employess),50785,50785
382,2022,Senior-level,Full-Time,Data Analyst,128875,USD,128875,US,Fully Remote,US,Medium (between 50 and 250 employess),64437,64437
383,2022,Senior-level,Full-Time,Data Analyst,93700,USD,93700,US,Fully Remote,US,Medium (between 50 and 250 employess),46850,46850
384,2022,Executive-level,Full-Time,Head of Machine Learning,6000000,INR,79039,IN,Partially Remote,IN,Large (more than 250 employees),3000000,39519
385,2022,Senior-level,Full-Time,Data Engineer,132320,USD,132320,US,Fully Remote,US,Medium (between 50 and 250 employess),66160,66160
386,2022,Entry-level,Full-Time,Machine Learning Engineer,28500,GBP,37300,GB,Fully Remote,GB,Large (more than 250 employees),14250,18650
387,2022,Senior-level,Full-Time,Data Analyst,164000,USD,164000,US,Remote Work,US,Medium (between 50 and 250 employess),82000,82000
388,2022,Senior-level,Full-Time,Data Engineer,155000,USD,155000,US,Fully Remote,US,Medium (between 50 and 250 employess),77500,77500
389,2022,Mid-level,Full-Time,Machine Learning Engineer,95000,GBP,124333,GB,Remote Work,GB,Medium (between 50 and 250 employess),47500,62166
390,2022,Mid-level,Full-Time,Machine Learning Engineer,75000,GBP,98158,GB,Remote Work,GB,Medium (between 50 and 250 employess),37500,49079
391,2022,Mid-level,Full-Time,AI Scientist,120000,USD,120000,US,Remote Work,US,Medium (between 50 and 250 employess),60000,60000
392,2022,Senior-level,Full-Time,Data Analyst,112900,USD,112900,US,Fully Remote,US,Medium (between 50 and 250 employess),56450,56450
393,2022,Senior-level,Full-Time,Data Analyst,90320,USD,90320,US,Fully Remote,US,Medium (between 50 and 250 employess),45160,45160
394,2022,Senior-level,Full-Time,Data Analytics Manager,145000,USD,145000,US,Fully Remote,US,Medium (between 50 and 250 employess),72500,72500
395,2022,Senior-level,Full-Time,Data Analytics Manager,105400,USD,105400,US,Fully Remote,US,Medium (between 50 and 250 employess),52700,52700
396,2022,Mid-level,Full-Time,Machine Learning Engineer,80000,EUR,87932,FR,Fully Remote,DE,Medium (between 50 and 250 employess),40000,43966
397,2022,Mid-level,Full-Time,Data Engineer,90000,GBP,117789,GB,Remote Work,GB,Medium (between 50 and 250 employess),45000,58894
398,2022,Senior-level,Full-Time,Data Scientist,215300,USD,215300,US,Fully Remote,US,Large (more than 250 employees),107650,107650
399,2022,Senior-level,Full-Time,Data Scientist,158200,USD,158200,US,Fully Remote,US,Large (more than 250 employees),79100,79100
400,2022,Senior-level,Full-Time,Data Engineer,209100,USD,209100,US,Fully Remote,US,Large (more than 250 employees),104550,104550
401,2022,Senior-level,Full-Time,Data Engineer,154600,USD,154600,US,Fully Remote,US,Large (more than 250 employees),77300,77300
402,2022,Senior-level,Full-Time,Data Analyst,115934,USD,115934,US,Remote Work,US,Medium (between 50 and 250 employess),57967,57967
403,2022,Senior-level,Full-Time,Data Analyst,81666,USD,81666,US,Remote Work,US,Medium (between 50 and 250 employess),40833,40833
404,2022,Senior-level,Full-Time,Data Engineer,175000,USD,175000,US,Fully Remote,US,Medium (between 50 and 250 employess),87500,87500
405,2022,Mid-level,Full-Time,Data Engineer,75000,GBP,98158,GB,Remote Work,GB,Medium (between 50 and 250 employess),37500,49079
406,2022,Mid-level,Full-Time,Data Analyst,58000,USD,58000,US,Remote Work,US,Small (less than 50 employees),29000,29000
407,2022,Senior-level,Full-Time,Data Engineer,183600,USD,183600,US,Fully Remote,US,Large (more than 250 employees),91800,91800
408,2022,Mid-level,Full-Time,Data Analyst,40000,GBP,52351,GB,Fully Remote,GB,Medium (between 50 and 250 employess),20000,26175
409,2022,Senior-level,Full-Time,Data Scientist,180000,USD,180000,US,Fully Remote,US,Medium (between 50 and 250 employess),90000,90000
410,2022,Mid-level,Full-Time,Data Scientist,55000,GBP,71982,GB,Remote Work,GB,Medium (between 50 and 250 employess),27500,35991
411,2022,Mid-level,Full-Time,Data Scientist,35000,GBP,45807,GB,Remote Work,GB,Medium (between 50 and 250 employess),17500,22903
412,2022,Mid-level,Full-Time,Data Engineer,60000,EUR,65949,GR,Fully Remote,GR,Medium (between 50 and 250 employess),30000,32974
413,2022,Mid-level,Full-Time,Data Engineer,45000,EUR,49461,GR,Fully Remote,GR,Medium (between 50 and 250 employess),22500,24730
414,2022,Mid-level,Full-Time,Data Engineer,60000,GBP,78526,GB,Fully Remote,GB,Medium (between 50 and 250 employess),30000,39263
415,2022,Mid-level,Full-Time,Data Engineer,45000,GBP,58894,GB,Fully Remote,GB,Medium (between 50 and 250 employess),22500,29447
416,2022,Senior-level,Full-Time,Data Scientist,260000,USD,260000,US,Fully Remote,US,Medium (between 50 and 250 employess),130000,130000
417,2022,Senior-level,Full-Time,Data Science Engineer,60000,USD,60000,AR,Fully Remote,MX,Large (more than 250 employees),30000,30000
418,2022,Mid-level,Full-Time,Data Engineer,63900,USD,63900,US,Remote Work,US,Medium (between 50 and 250 employess),31950,31950
419,2022,Mid-level,Full-Time,Machine Learning Scientist,160000,USD,160000,US,Fully Remote,US,Large (more than 250 employees),80000,80000
420,2022,Mid-level,Full-Time,Machine Learning Scientist,112300,USD,112300,US,Fully Remote,US,Large (more than 250 employees),56150,56150
421,2022,Mid-level,Full-Time,Data Science Manager,241000,USD,241000,US,Fully Remote,US,Medium (between 50 and 250 employess),120500,120500
422,2022,Mid-level,Full-Time,Data Science Manager,159000,USD,159000,US,Fully Remote,US,Medium (between 50 and 250 employess),79500,79500
423,2022,Senior-level,Full-Time,Data Scientist,180000,USD,180000,US,Remote Work,US,Medium (between 50 and 250 employess),90000,90000
424,2022,Senior-level,Full-Time,Data Scientist,80000,USD,80000,US,Remote Work,US,Medium (between 50 and 250 employess),40000,40000
425,2022,Mid-level,Full-Time,Data Engineer,82900,USD,82900,US,Remote Work,US,Medium (between 50 and 250 employess),41450,41450
426,2022,Senior-level,Full-Time,Data Engineer,100800,USD,100800,US,Fully Remote,US,Large (more than 250 employees),50400,50400
427,2022,Mid-level,Full-Time,Data Engineer,45000,EUR,49461,ES,Fully Remote,ES,Medium (between 50 and 250 employess),22500,24730
428,2022,Senior-level,Full-Time,Data Scientist,140400,USD,140400,US,Remote Work,US,Large (more than 250 employees),70200,70200
429,2022,Mid-level,Full-Time,Data Analyst,30000,GBP,39263,GB,Fully Remote,GB,Medium (between 50 and 250 employess),15000,19631
430,2022,Mid-level,Full-Time,Data Analyst,40000,EUR,43966,ES,Fully Remote,ES,Medium (between 50 and 250 employess),20000,21983
431,2022,Mid-level,Full-Time,Data Analyst,30000,EUR,32974,ES,Fully Remote,ES,Medium (between 50 and 250 employess),15000,16487
432,2022,Mid-level,Full-Time,Data Engineer,80000,EUR,87932,ES,Fully Remote,ES,Medium (between 50 and 250 employess),40000,43966
433,2022,Mid-level,Full-Time,Data Engineer,70000,EUR,76940,ES,Fully Remote,ES,Medium (between 50 and 250 employess),35000,38470
434,2022,Mid-level,Full-Time,Data Engineer,80000,GBP,104702,GB,Fully Remote,GB,Medium (between 50 and 250 employess),40000,52351
435,2022,Mid-level,Full-Time,Data Engineer,70000,GBP,91614,GB,Fully Remote,GB,Medium (between 50 and 250 employess),35000,45807
436,2022,Mid-level,Full-Time,Data Engineer,60000,EUR,65949,ES,Fully Remote,ES,Medium (between 50 and 250 employess),30000,32974
437,2022,Mid-level,Full-Time,Data Engineer,80000,EUR,87932,GR,Fully Remote,GR,Medium (between 50 and 250 employess),40000,43966
438,2022,Senior-level,Full-Time,Machine Learning Engineer,189650,USD,189650,US,Remote Work,US,Medium (between 50 and 250 employess),94825,94825
439,2022,Senior-level,Full-Time,Machine Learning Engineer,164996,USD,164996,US,Remote Work,US,Medium (between 50 and 250 employess),82498,82498
440,2022,Mid-level,Full-Time,Data Analyst,40000,EUR,43966,GR,Fully Remote,GR,Medium (between 50 and 250 employess),20000,21983
441,2022,Mid-level,Full-Time,Data Analyst,30000,EUR,32974,GR,Fully Remote,GR,Medium (between 50 and 250 employess),15000,16487
442,2022,Mid-level,Full-Time,Data Engineer,75000,GBP,98158,GB,Fully Remote,GB,Medium (between 50 and 250 employess),37500,49079
443,2022,Mid-level,Full-Time,Data Engineer,60000,GBP,78526,GB,Fully Remote,GB,Medium (between 50 and 250 employess),30000,39263
444,2022,Senior-level,Full-Time,Data Scientist,215300,USD,215300,US,Remote Work,US,Large (more than 250 employees),107650,107650
445,2022,Mid-level,Full-Time,Data Engineer,70000,EUR,76940,GR,Fully Remote,GR,Medium (between 50 and 250 employess),35000,38470
446,2022,Senior-level,Full-Time,Data Engineer,209100,USD,209100,US,Fully Remote,US,Large (more than 250 employees),104550,104550
447,2022,Senior-level,Full-Time,Data Engineer,154600,USD,154600,US,Fully Remote,US,Large (more than 250 employees),77300,77300
448,2022,Senior-level,Full-Time,Data Engineer,180000,USD,180000,US,Fully Remote,US,Medium (between 50 and 250 employess),90000,90000
449,2022,Entry-level,Full-Time,ML Engineer,20000,EUR,21983,PT,Fully Remote,PT,Large (more than 250 employees),10000,10991
450,2022,Senior-level,Full-Time,Data Engineer,80000,USD,80000,US,Fully Remote,US,Medium (between 50 and 250 employess),40000,40000
451,2022,Mid-level,Full-Time,Machine Learning Developer,100000,CAD,78791,CA,Fully Remote,CA,Medium (between 50 and 250 employess),50000,39395
452,2022,Executive-level,Full-Time,Director of Data Science,250000,CAD,196979,CA,Partially Remote,CA,Large (more than 250 employees),125000,98489
453,2022,Mid-level,Full-Time,Machine Learning Engineer,120000,USD,120000,US,Fully Remote,US,Small (less than 50 employees),60000,60000
454,2022,Entry-level,Full-Time,Computer Vision Engineer,125000,USD,125000,US,Remote Work,US,Medium (between 50 and 250 employess),62500,62500
455,2022,Mid-level,Full-Time,NLP Engineer,240000,CNY,37236,US,Partially Remote,US,Large (more than 250 employees),120000,18618
456,2022,Senior-level,Full-Time,Data Engineer,105000,USD,105000,US,Fully Remote,US,Medium (between 50 and 250 employess),52500,52500
457,2022,Senior-level,Full-Time,Lead Machine Learning Engineer,80000,EUR,87932,DE,Remote Work,DE,Medium (between 50 and 250 employess),40000,43966
458,2022,Mid-level,Full-Time,Business Data Analyst,1400000,INR,18442,IN,Fully Remote,IN,Medium (between 50 and 250 employess),700000,9221
459,2022,Mid-level,Full-Time,Data Scientist,2400000,INR,31615,IN,Fully Remote,IN,Large (more than 250 employees),1200000,15807
460,2022,Mid-level,Full-Time,Machine Learning Infrastructure Engineer,53000,EUR,58255,PT,Partially Remote,PT,Large (more than 250 employees),26500,29127
461,2022,Entry-level,Full-Time,Financial Data Analyst,100000,USD,100000,US,Partially Remote,US,Large (more than 250 employees),50000,50000
462,2022,Mid-level,Part-Time,Data Engineer,50000,EUR,54957,DE,Partially Remote,DE,Large (more than 250 employees),25000,27478
463,2022,Entry-level,Full-Time,Data Scientist,1400000,INR,18442,IN,Fully Remote,IN,Medium (between 50 and 250 employess),700000,9221
464,2022,Senior-level,Full-Time,Principal Data Scientist,148000,EUR,162674,DE,Fully Remote,DE,Medium (between 50 and 250 employess),74000,81337
465,2022,Entry-level,Full-Time,Data Engineer,120000,USD,120000,US,Fully Remote,US,Medium (between 50 and 250 employess),60000,60000
466,2022,Senior-level,Full-Time,Research Scientist,144000,USD,144000,US,Partially Remote,US,Large (more than 250 employees),72000,72000
467,2022,Senior-level,Full-Time,Data Scientist,104890,USD,104890,US,Fully Remote,US,Medium (between 50 and 250 employess),52445,52445
468,2022,Senior-level,Full-Time,Data Engineer,100000,USD,100000,US,Fully Remote,US,Medium (between 50 and 250 employess),50000,50000
469,2022,Senior-level,Full-Time,Data Scientist,140000,USD,140000,US,Fully Remote,US,Medium (between 50 and 250 employess),70000,70000
470,2022,Mid-level,Full-Time,Data Analyst,135000,USD,135000,US,Fully Remote,US,Medium (between 50 and 250 employess),67500,67500
471,2022,Mid-level,Full-Time,Data Analyst,50000,USD,50000,US,Fully Remote,US,Medium (between 50 and 250 employess),25000,25000
472,2022,Senior-level,Full-Time,Data Scientist,220000,USD,220000,US,Fully Remote,US,Medium (between 50 and 250 employess),110000,110000
473,2022,Senior-level,Full-Time,Data Scientist,140000,USD,140000,US,Fully Remote,US,Medium (between 50 and 250 employess),70000,70000
474,2022,Mid-level,Full-Time,Data Scientist,140000,GBP,183228,GB,Remote Work,GB,Medium (between 50 and 250 employess),70000,91614
475,2022,Mid-level,Full-Time,Data Scientist,70000,GBP,91614,GB,Remote Work,GB,Medium (between 50 and 250 employess),35000,45807
476,2022,Senior-level,Full-Time,Data Scientist,185100,USD,185100,US,Fully Remote,US,Medium (between 50 and 250 employess),92550,92550
477,2022,Senior-level,Full-Time,Machine Learning Engineer,220000,USD,220000,US,Fully Remote,US,Medium (between 50 and 250 employess),110000,110000
478,2022,Mid-level,Full-Time,Data Scientist,200000,USD,200000,US,Fully Remote,US,Medium (between 50 and 250 employess),100000,100000
479,2022,Mid-level,Full-Time,Data Scientist,120000,USD,120000,US,Fully Remote,US,Medium (between 50 and 250 employess),60000,60000
480,2022,Senior-level,Full-Time,Machine Learning Engineer,120000,USD,120000,AE,Fully Remote,AE,Small (less than 50 employees),60000,60000
481,2022,Senior-level,Full-Time,Machine Learning Engineer,65000,USD,65000,AE,Fully Remote,AE,Small (less than 50 employees),32500,32500
482,2022,Executive-level,Full-Time,Data Engineer,324000,USD,324000,US,Fully Remote,US,Medium (between 50 and 250 employess),162000,162000
483,2022,Executive-level,Full-Time,Data Engineer,216000,USD,216000,US,Fully Remote,US,Medium (between 50 and 250 employess),108000,108000
484,2022,Senior-level,Full-Time,Data Engineer,210000,USD,210000,US,Fully Remote,US,Medium (between 50 and 250 employess),105000,105000
485,2022,Senior-level,Full-Time,Machine Learning Engineer,120000,USD,120000,US,Fully Remote,US,Medium (between 50 and 250 employess),60000,60000
486,2022,Senior-level,Full-Time,Data Scientist,230000,USD,230000,US,Fully Remote,US,Medium (between 50 and 250 employess),115000,115000
487,2022,Entry-level,Part-Time,Data Scientist,100000,USD,100000,DZ,Partially Remote,DZ,Medium (between 50 and 250 employess),50000,50000
488,2022,Mid-level,Freelancer,Data Scientist,100000,USD,100000,CA,Fully Remote,US,Medium (between 50 and 250 employess),50000,50000
489,2022,Entry-level,Contract,Applied Machine Learning Scientist,29000,EUR,31875,TN,Fully Remote,CZ,Medium (between 50 and 250 employess),14500,15937
490,2022,Senior-level,Full-Time,Head of Data,200000,USD,200000,MY,Fully Remote,US,Medium (between 50 and 250 employess),100000,100000
491,2022,Mid-level,Full-Time,Principal Data Analyst,75000,USD,75000,CA,Fully Remote,CA,Small (less than 50 employees),37500,37500
492,2022,Mid-level,Full-Time,Data Scientist,150000,PLN,35590,PL,Fully Remote,PL,Large (more than 250 employees),75000,17795
493,2022,Senior-level,Full-Time,Machine Learning Developer,100000,CAD,78791,CA,Fully Remote,CA,Medium (between 50 and 250 employess),50000,39395
494,2022,Senior-level,Full-Time,Data Scientist,100000,USD,100000,BR,Fully Remote,US,Medium (between 50 and 250 employess),50000,50000
495,2022,Mid-level,Full-Time,Machine Learning Scientist,153000,USD,153000,US,Partially Remote,US,Medium (between 50 and 250 employess),76500,76500
496,2022,Entry-level,Full-Time,Data Engineer,52800,EUR,58035,PK,Fully Remote,DE,Medium (between 50 and 250 employess),26400,29017
497,2022,Senior-level,Full-Time,Data Scientist,165000,USD,165000,US,Fully Remote,US,Medium (between 50 and 250 employess),82500,82500
498,2022,Senior-level,Full-Time,Research Scientist,85000,EUR,93427,FR,Partially Remote,FR,Large (more than 250 employees),42500,46713
499,2022,Entry-level,Full-Time,Data Scientist,66500,CAD,52396,CA,Fully Remote,CA,Large (more than 250 employees),33250,26198
500,2022,Senior-level,Full-Time,Machine Learning Engineer,57000,EUR,62651,NL,Fully Remote,NL,Large (more than 250 employees),28500,31325
501,2022,Mid-level,Full-Time,Head of Data,30000,EUR,32974,EE,Fully Remote,EE,Small (less than 50 employees),15000,16487
502,2022,Entry-level,Full-Time,Data Scientist,40000,USD,40000,JP,Fully Remote,MY,Large (more than 250 employees),20000,20000
503,2022,Mid-level,Full-Time,Machine Learning Engineer,121000,AUD,87425,AU,Fully Remote,AU,Large (more than 250 employees),60500,43712
504,2022,Senior-level,Full-Time,Data Engineer,115000,USD,115000,US,Fully Remote,US,Medium (between 50 and 250 employess),57500,57500
505,2022,Entry-level,Full-Time,Data Scientist,120000,AUD,86703,AU,Partially Remote,AU,Medium (between 50 and 250 employess),60000,43351
506,2022,Mid-level,Full-Time,Applied Machine Learning Scientist,75000,USD,75000,BO,Fully Remote,US,Large (more than 250 employees),37500,37500
507,2022,Mid-level,Full-Time,Research Scientist,59000,EUR,64849,AT,Remote Work,AT,Large (more than 250 employees),29500,32424
508,2022,Entry-level,Full-Time,Research Scientist,120000,USD,120000,US,Fully Remote,US,Large (more than 250 employees),60000,60000
509,2022,Mid-level,Full-Time,Applied Data Scientist,157000,USD,157000,US,Fully Remote,US,Large (more than 250 employees),78500,78500
510,2022,Entry-level,Full-Time,Computer Vision Software Engineer,150000,USD,150000,AU,Fully Remote,AU,Small (less than 50 employees),75000,75000
511,2022,Mid-level,Full-Time,Business Data Analyst,90000,CAD,70912,CA,Partially Remote,CA,Large (more than 250 employees),45000,35456
512,2022,Entry-level,Full-Time,Data Engineer,65000,USD,65000,US,Fully Remote,US,Small (less than 50 employees),32500,32500
513,2022,Senior-level,Full-Time,Machine Learning Engineer,65000,EUR,71444,IE,Fully Remote,IE,Small (less than 50 employees),32500,35722
514,2022,Entry-level,Full-Time,Data Analytics Engineer,20000,USD,20000,PK,Remote Work,PK,Medium (between 50 and 250 employess),10000,10000
515,2022,Mid-level,Full-Time,Data Scientist,48000,USD,48000,RU,Fully Remote,US,Small (less than 50 employees),24000,24000
516,2022,Senior-level,Full-Time,Data Science Manager,152500,USD,152500,US,Fully Remote,US,Medium (between 50 and 250 employess),76250,76250
517,2022,Mid-level,Full-Time,Data Engineer,62000,EUR,68147,FR,Fully Remote,FR,Medium (between 50 and 250 employess),31000,34073
518,2022,Mid-level,Full-Time,Data Scientist,115000,CHF,122346,CH,Remote Work,CH,Large (more than 250 employees),57500,61173
519,2022,Senior-level,Full-Time,Applied Data Scientist,380000,USD,380000,US,Fully Remote,US,Large (more than 250 employees),190000,190000
520,2022,Mid-level,Full-Time,Data Scientist,88000,CAD,69336,CA,Fully Remote,CA,Medium (between 50 and 250 employess),44000,34668
521,2022,Entry-level,Full-Time,Computer Vision Engineer,10000,USD,10000,PT,Fully Remote,LU,Medium (between 50 and 250 employess),5000,5000
522,2022,Mid-level,Full-Time,Data Analyst,20000,USD,20000,GR,Fully Remote,GR,Small (less than 50 employees),10000,10000
523,2022,Senior-level,Full-Time,Data Analytics Lead,405000,USD,405000,US,Fully Remote,US,Large (more than 250 employees),202500,202500
524,2022,Mid-level,Full-Time,Data Scientist,135000,USD,135000,US,Fully Remote,US,Large (more than 250 employees),67500,67500
525,2022,Senior-level,Full-Time,Applied Data Scientist,177000,USD,177000,US,Fully Remote,US,Large (more than 250 employees),88500,88500
526,2022,Mid-level,Full-Time,Data Scientist,78000,USD,78000,US,Fully Remote,US,Medium (between 50 and 250 employess),39000,39000
527,2022,Senior-level,Full-Time,Data Analyst,135000,USD,135000,US,Fully Remote,US,Medium (between 50 and 250 employess),67500,67500
528,2022,Senior-level,Full-Time,Data Analyst,100000,USD,100000,US,Fully Remote,US,Medium (between 50 and 250 employess),50000,50000
529,2022,Senior-level,Full-Time,Data Analyst,90320,USD,90320,US,Fully Remote,US,Medium (between 50 and 250 employess),45160,45160
530,2022,Mid-level,Full-Time,Data Analyst,85000,USD,85000,CA,Remote Work,CA,Medium (between 50 and 250 employess),42500,42500
531,2022,Mid-level,Full-Time,Data Analyst,75000,USD,75000,CA,Remote Work,CA,Medium (between 50 and 250 employess),37500,37500
532,2022,Senior-level,Full-Time,Machine Learning Engineer,214000,USD,214000,US,Fully Remote,US,Medium (between 50 and 250 employess),107000,107000
533,2022,Senior-level,Full-Time,Machine Learning Engineer,192600,USD,192600,US,Fully Remote,US,Medium (between 50 and 250 employess),96300,96300
534,2022,Senior-level,Full-Time,Data Architect,266400,USD,266400,US,Fully Remote,US,Medium (between 50 and 250 employess),133200,133200
535,2022,Senior-level,Full-Time,Data Architect,213120,USD,213120,US,Fully Remote,US,Medium (between 50 and 250 employess),106560,106560
536,2022,Senior-level,Full-Time,Data Analyst,112900,USD,112900,US,Fully Remote,US,Medium (between 50 and 250 employess),56450,56450
537,2022,Senior-level,Full-Time,Data Engineer,155000,USD,155000,US,Fully Remote,US,Medium (between 50 and 250 employess),77500,77500
538,2022,Mid-level,Full-Time,Data Scientist,141300,USD,141300,US,Remote Work,US,Medium (between 50 and 250 employess),70650,70650
539,2022,Mid-level,Full-Time,Data Scientist,102100,USD,102100,US,Remote Work,US,Medium (between 50 and 250 employess),51050,51050
540,2022,Senior-level,Full-Time,Data Analyst,115934,USD,115934,US,Fully Remote,US,Medium (between 50 and 250 employess),57967,57967
541,2022,Senior-level,Full-Time,Data Analyst,81666,USD,81666,US,Fully Remote,US,Medium (between 50 and 250 employess),40833,40833
542,2022,Mid-level,Full-Time,Data Engineer,206699,USD,206699,US,Remote Work,US,Medium (between 50 and 250 employess),103349,103349
543,2022,Mid-level,Full-Time,Data Engineer,99100,USD,99100,US,Remote Work,US,Medium (between 50 and 250 employess),49550,49550
544,2022,Senior-level,Full-Time,Data Engineer,130000,USD,130000,US,Fully Remote,US,Medium (between 50 and 250 employess),65000,65000
545,2022,Senior-level,Full-Time,Data Engineer,115000,USD,115000,US,Fully Remote,US,Medium (between 50 and 250 employess),57500,57500
546,2022,Senior-level,Full-Time,Data Engineer,110500,USD,110500,US,Fully Remote,US,Medium (between 50 and 250 employess),55250,55250
547,2022,Senior-level,Full-Time,Data Engineer,130000,USD,130000,US,Fully Remote,US,Medium (between 50 and 250 employess),65000,65000
548,2022,Senior-level,Full-Time,Data Analyst,99050,USD,99050,US,Fully Remote,US,Medium (between 50 and 250 employess),49525,49525
549,2022,Senior-level,Full-Time,Data Engineer,160000,USD,160000,US,Fully Remote,US,Medium (between 50 and 250 employess),80000,80000
550,2022,Senior-level,Full-Time,Data Scientist,205300,USD,205300,US,Remote Work,US,Large (more than 250 employees),102650,102650
551,2022,Senior-level,Full-Time,Data Scientist,140400,USD,140400,US,Remote Work,US,Large (more than 250 employees),70200,70200
552,2022,Senior-level,Full-Time,Data Scientist,176000,USD,176000,US,Fully Remote,US,Medium (between 50 and 250 employess),88000,88000
553,2022,Senior-level,Full-Time,Data Scientist,144000,USD,144000,US,Fully Remote,US,Medium (between 50 and 250 employess),72000,72000
554,2022,Senior-level,Full-Time,Data Engineer,200100,USD,200100,US,Fully Remote,US,Medium (between 50 and 250 employess),100050,100050
555,2022,Senior-level,Full-Time,Data Engineer,160000,USD,160000,US,Fully Remote,US,Medium (between 50 and 250 employess),80000,80000
556,2022,Senior-level,Full-Time,Data Engineer,145000,USD,145000,US,Fully Remote,US,Medium (between 50 and 250 employess),72500,72500
557,2022,Senior-level,Full-Time,Data Engineer,70500,USD,70500,US,Remote Work,US,Medium (between 50 and 250 employess),35250,35250
558,2022,Senior-level,Full-Time,Data Scientist,205300,USD,205300,US,Remote Work,US,Medium (between 50 and 250 employess),102650,102650
559,2022,Senior-level,Full-Time,Data Scientist,140400,USD,140400,US,Remote Work,US,Medium (between 50 and 250 employess),70200,70200
560,2022,Senior-level,Full-Time,Analytics Engineer,205300,USD,205300,US,Remote Work,US,Medium (between 50 and 250 employess),102650,102650
561,2022,Senior-level,Full-Time,Analytics Engineer,184700,USD,184700,US,Remote Work,US,Medium (between 50 and 250 employess),92350,92350
562,2022,Senior-level,Full-Time,Data Engineer,175100,USD,175100,US,Fully Remote,US,Medium (between 50 and 250 employess),87550,87550
563,2022,Senior-level,Full-Time,Data Engineer,140250,USD,140250,US,Fully Remote,US,Medium (between 50 and 250 employess),70125,70125
564,2022,Senior-level,Full-Time,Data Analyst,116150,USD,116150,US,Fully Remote,US,Medium (between 50 and 250 employess),58075,58075
565,2022,Senior-level,Full-Time,Data Engineer,54000,USD,54000,US,Remote Work,US,Medium (between 50 and 250 employess),27000,27000
566,2022,Senior-level,Full-Time,Data Analyst,170000,USD,170000,US,Fully Remote,US,Medium (between 50 and 250 employess),85000,85000
567,2022,Mid-level,Full-Time,Data Analyst,50000,GBP,65438,GB,Remote Work,GB,Medium (between 50 and 250 employess),25000,32719
568,2022,Senior-level,Full-Time,Data Analyst,80000,USD,80000,US,Fully Remote,US,Medium (between 50 and 250 employess),40000,40000
569,2022,Senior-level,Full-Time,Data Scientist,140000,USD,140000,US,Fully Remote,US,Medium (between 50 and 250 employess),70000,70000
570,2022,Senior-level,Full-Time,Data Scientist,210000,USD,210000,US,Fully Remote,US,Medium (between 50 and 250 employess),105000,105000
571,2022,Senior-level,Full-Time,Data Scientist,140000,USD,140000,US,Fully Remote,US,Medium (between 50 and 250 employess),70000,70000
572,2022,Senior-level,Full-Time,Data Analyst,100000,USD,100000,US,Fully Remote,US,Medium (between 50 and 250 employess),50000,50000
573,2022,Senior-level,Full-Time,Data Analyst,69000,USD,69000,US,Fully Remote,US,Medium (between 50 and 250 employess),34500,34500
574,2022,Senior-level,Full-Time,Data Scientist,210000,USD,210000,US,Fully Remote,US,Medium (between 50 and 250 employess),105000,105000
575,2022,Senior-level,Full-Time,Data Scientist,140000,USD,140000,US,Fully Remote,US,Medium (between 50 and 250 employess),70000,70000
576,2022,Senior-level,Full-Time,Data Scientist,210000,USD,210000,US,Fully Remote,US,Medium (between 50 and 250 employess),105000,105000
577,2022,Senior-level,Full-Time,Data Analyst,150075,USD,150075,US,Fully Remote,US,Medium (between 50 and 250 employess),75037,75037
578,2022,Senior-level,Full-Time,Data Engineer,100000,USD,100000,US,Fully Remote,US,Medium (between 50 and 250 employess),50000,50000
579,2022,Senior-level,Full-Time,Data Engineer,25000,USD,25000,US,Fully Remote,US,Medium (between 50 and 250 employess),12500,12500
580,2022,Senior-level,Full-Time,Data Analyst,126500,USD,126500,US,Fully Remote,US,Medium (between 50 and 250 employess),63250,63250
581,2022,Senior-level,Full-Time,Data Analyst,106260,USD,106260,US,Fully Remote,US,Medium (between 50 and 250 employess),53130,53130
582,2022,Senior-level,Full-Time,Data Engineer,220110,USD,220110,US,Fully Remote,US,Medium (between 50 and 250 employess),110055,110055
583,2022,Senior-level,Full-Time,Data Engineer,160080,USD,160080,US,Fully Remote,US,Medium (between 50 and 250 employess),80040,80040
584,2022,Senior-level,Full-Time,Data Analyst,105000,USD,105000,US,Fully Remote,US,Medium (between 50 and 250 employess),52500,52500
585,2022,Senior-level,Full-Time,Data Analyst,110925,USD,110925,US,Fully Remote,US,Medium (between 50 and 250 employess),55462,55462
586,2022,Mid-level,Full-Time,Data Analyst,35000,GBP,45807,GB,Remote Work,GB,Medium (between 50 and 250 employess),17500,22903
587,2022,Senior-level,Full-Time,Data Scientist,140000,USD,140000,US,Fully Remote,US,Medium (between 50 and 250 employess),70000,70000
588,2022,Senior-level,Full-Time,Data Analyst,99000,USD,99000,US,Remote Work,US,Medium (between 50 and 250 employess),49500,49500
589,2022,Senior-level,Full-Time,Data Analyst,60000,USD,60000,US,Fully Remote,US,Medium (between 50 and 250 employess),30000,30000
590,2022,Senior-level,Full-Time,Data Architect,192564,USD,192564,US,Fully Remote,US,Medium (between 50 and 250 employess),96282,96282
591,2022,Senior-level,Full-Time,Data Architect,144854,USD,144854,US,Fully Remote,US,Medium (between 50 and 250 employess),72427,72427
592,2022,Senior-level,Full-Time,Data Scientist,230000,USD,230000,US,Fully Remote,US,Medium (between 50 and 250 employess),115000,115000
593,2022,Senior-level,Full-Time,Data Scientist,150000,USD,150000,US,Fully Remote,US,Medium (between 50 and 250 employess),75000,75000
594,2022,Senior-level,Full-Time,Data Analytics Manager,150260,USD,150260,US,Fully Remote,US,Medium (between 50 and 250 employess),75130,75130
595,2022,Senior-level,Full-Time,Data Analytics Manager,109280,USD,109280,US,Fully Remote,US,Medium (between 50 and 250 employess),54640,54640
596,2022,Senior-level,Full-Time,Data Scientist,210000,USD,210000,US,Fully Remote,US,Medium (between 50 and 250 employess),105000,105000
597,2022,Senior-level,Full-Time,Data Analyst,170000,USD,170000,US,Fully Remote,US,Medium (between 50 and 250 employess),85000,85000
598,2022,Mid-level,Full-Time,Data Scientist,160000,USD,160000,US,Fully Remote,US,Medium (between 50 and 250 employess),80000,80000
599,2022,Mid-level,Full-Time,Data Scientist,130000,USD,130000,US,Fully Remote,US,Medium (between 50 and 250 employess),65000,65000
600,2022,Entry-level,Full-Time,Data Analyst,67000,USD,67000,CA,Remote Work,CA,Medium (between 50 and 250 employess),33500,33500
601,2022,Entry-level,Full-Time,Data Analyst,52000,USD,52000,CA,Remote Work,CA,Medium (between 50 and 250 employess),26000,26000
602,2022,Senior-level,Full-Time,Data Engineer,154000,USD,154000,US,Fully Remote,US,Medium (between 50 and 250 employess),77000,77000
603,2022,Senior-level,Full-Time,Data Engineer,126000,USD,126000,US,Fully Remote,US,Medium (between 50 and 250 employess),63000,63000
604,2022,Senior-level,Full-Time,Data Analyst,129000,USD,129000,US,Remote Work,US,Medium (between 50 and 250 employess),64500,64500
605,2022,Senior-level,Full-Time,Data Analyst,150000,USD,150000,US,Fully Remote,US,Medium (between 50 and 250 employess),75000,75000
606,2022,Mid-level,Full-Time,AI Scientist,200000,USD,200000,IN,Fully Remote,US,Large (more than 250 employees),100000,100000
